{"Kmtx": [[507.07108250182324, 0.0, 285.48263896456814], [0.0, 506.99294911939876, 237.6886535959269], [0.0, 0.0, 1.0]], "Dist": [[0.1035119726942592, -0.2742066409658539, -0.0012512644734115784, 0.0006394740336769161, 0.14821695365908477]]}